<?xml version='1.0' encoding='UTF-8'?>
<?artifactRepository version='1.1.0'?>
<repository name='file:/G:/Mule/OneDrive%20-%20MuleSoft,%20Inc/Mule%20Practice/file-utils-connector/target/update-site/ - artifacts' type='org.eclipse.equinox.p2.artifact.repository.simpleRepository' version='1'>
  <properties size='2'>
    <property name='p2.timestamp' value='1508123436614'/>
    <property name='p2.compressed' value='false'/>
  </properties>
  <mappings size='3'>
    <rule filter='(&amp; (classifier=osgi.bundle))' output='${repoUrl}/plugins/${id}_${version}.jar'/>
    <rule filter='(&amp; (classifier=binary))' output='${repoUrl}/binary/${id}_${version}'/>
    <rule filter='(&amp; (classifier=org.eclipse.update.feature))' output='${repoUrl}/features/${id}_${version}.jar'/>
  </mappings>
  <artifacts size='2'>
    <artifact classifier='org.eclipse.update.feature' id='org.mule.tooling.ui.extension.file-utils-connector.3.5.0' version='1.0.0.201710152010'>
      <properties size='4'>
        <property name='artifact.size' value='649'/>
        <property name='download.size' value='649'/>
        <property name='download.md5' value='199c62d20dc15a434cf7dd270f99d6f4'/>
        <property name='download.contentType' value='application/zip'/>
      </properties>
    </artifact>
    <artifact classifier='osgi.bundle' id='org.mule.tooling.ui.contribution.file-utils.3.5.0' version='1.0.0.201710152010'>
      <properties size='3'>
        <property name='artifact.size' value='358955'/>
        <property name='download.size' value='358955'/>
        <property name='download.md5' value='d19841ec9f84f198dc2609f0c21d55ac'/>
      </properties>
    </artifact>
  </artifacts>
</repository>
